{
    "model": "SGDRegressor",
    "parameters": {
        "penalty": "l2",
        "alpha": 1e-05,
        "max_iter": 100,
        "eta0": 0.1
    },
    "sqrt_mse_validation": 0.8997749119140832,
    "sqrt_mse_test": 0.8483269007490926,
    "r2_validation": 0.696404383555269,
    "r2_test": 0.6856925162230962
}